id,payment ,firstName ,lastName ,frequency_of_arrival ,phoneNumber ,product ,reliability ,quantity ,gender 
1,7932,Fancie,Golsworthy,Monthly,556-853-3714,equipment,1,662,Male
2,17981,Dolli,Skilton,Once,334-675-6281,equipment,0,510,Male
3,19664,Coop,Cuxon,Weekly,533-664-2390,food,0,169,Male
4,6327,Cissiee,Hawtrey,Yearly,926-389-0863,equipment,1,928,Female
5,16272,Marius,Matteacci,Weekly,910-525-0301,food,0,538,Female
6,19521,Lalo,Kitchen,Daily,167-141-7511,food,0,794,Female
7,12868,Karine,Kilroy,Never,339-506-3840,equipment,0,784,Male
8,11466,Rudiger,Backshell,Never,213-440-8508,food,1,534,Female
9,16856,Haleigh,Kegg,Monthly,753-502-7400,equipment,1,767,Female
10,16104,Emmie,Antonsen,Never,236-687-5088,food,0,291,Male
11,7013,Dahlia,Duval,Monthly,572-951-7739,equipment,1,32,Female
12,13870,Rodd,Paladino,Daily,883-387-4764,food,0,749,Male
13,13897,Doralynn,Wetherhead,Monthly,287-272-7648,equipment,0,62,Female
14,5575,Ambrosi,Huzzey,Once,903-829-9733,food,0,358,Male
15,17265,Mayor,Iles,Seldom,727-203-8227,equipment,0,924,Male
16,14130,Eward,Gourdon,Seldom,172-174-5552,food,1,525,Male
17,12244,Ashia,Capoun,Once,473-151-3958,equipment,0,992,Female
18,5758,Jaye,Lack,Weekly,573-513-2975,equipment,1,771,Male
19,11376,Baird,Ragless,Once,264-286-9382,equipment,0,687,Female
20,16759,Sloan,Pye,Weekly,408-519-1545,food,0,788,Male
21,7865,Toby,Tappington,Seldom,127-816-7908,equipment,0,710,Male
22,13089,Alisha,Crolly,Once,911-245-4381,equipment,0,70,Female
23,13925,Franz,Lamas,Never,193-758-3655,equipment,0,322,Female
24,13323,Margaretha,Studdert,Seldom,718-451-2452,food,1,773,Female
25,11015,Fulvia,Wenban,Never,169-548-8267,food,1,271,Male
26,19102,Tandi,Bener,Often,636-147-1558,food,1,349,Male
27,7089,Cale,Spira,Daily,242-825-8948,food,1,308,Male
28,13580,Jodi,Preator,Daily,817-478-1439,equipment,1,169,Female
29,7135,Page,Leyland,Seldom,153-677-3855,equipment,1,318,Female
30,13740,Witty,Cricket,Once,748-775-9461,food,0,831,Male
31,7969,Wally,Brocklehurst,Daily,101-358-7172,equipment,1,499,Male
32,10445,Kyrstin,Jepps,Daily,184-169-9640,equipment,0,36,Female
33,9621,Wilden,Rakestraw,Yearly,447-112-6097,food,0,390,Male
34,6365,Abigail,Lawlie,Monthly,919-706-6722,food,0,773,Male
35,14299,Colver,Stobbs,Once,558-763-2864,food,0,352,Male
36,11761,Omar,Southern,Daily,838-542-8381,equipment,1,108,Male
37,10450,Cordelia,MacDunleavy,Never,421-794-8027,equipment,1,256,Female
38,9009,Daisy,Perillo,Yearly,384-346-1315,food,0,440,Female
39,11093,Angelina,Snibson,Often,175-192-1255,equipment,1,355,Female
40,17128,Salvidor,Henken,Daily,824-328-1959,equipment,1,832,Female
41,13128,Wallas,Scargill,Monthly,961-772-7956,food,1,360,Female
42,14362,Langsdon,Robus,Seldom,708-524-6664,equipment,0,402,Male
43,5106,Mordy,Huddleston,Daily,843-438-2951,food,0,992,Female
44,17803,Arabelle,Domerque,Weekly,526-278-7327,food,1,537,Female
45,11116,Zsazsa,Spowage,Often,741-582-5519,equipment,1,545,Male
46,15542,Linoel,Fritz,Daily,329-719-2800,food,1,360,Male
47,5605,Katheryn,Gocke,Weekly,209-620-5150,equipment,0,818,Male
48,17038,Honoria,Linklater,Yearly,378-403-3078,equipment,0,714,Male
49,13350,Hilda,Lower,Monthly,872-306-4761,food,0,953,Female
50,6739,Althea,Trengove,Once,858-653-3200,equipment,1,39,Male
51,8120,Lezlie,Cormack,Never,298-923-6698,equipment,0,902,Male
52,16696,Karena,Wybern,Seldom,632-860-2873,equipment,0,790,Male
53,13635,Gregory,German,Seldom,396-826-2959,food,1,930,Female
54,15533,Correy,Crowcombe,Daily,858-811-3643,equipment,1,771,Male
55,14083,Roseanna,Pressnell,Often,495-902-8014,food,1,648,Female
56,6469,Rozalie,Endrici,Weekly,317-852-1453,equipment,0,824,Male
57,15878,Kaleena,O'Kennavain,Daily,909-464-9895,equipment,1,829,Female
58,11821,Maggee,Brimicombe,Often,715-696-0411,equipment,0,266,Female
59,8884,Ruy,Vedeneev,Often,438-162-3421,equipment,0,14,Female
60,11329,Kirk,Matejic,Often,194-233-4272,equipment,0,697,Female
61,6091,Vicky,Scudder,Seldom,670-290-6651,equipment,1,836,Female
62,19037,Charline,Webben,Monthly,380-171-9696,equipment,0,130,Male
63,7527,Evelyn,Ivushkin,Seldom,156-722-5211,food,1,889,Male
64,5619,Inga,Ehrat,Daily,917-516-3377,equipment,1,462,Male
65,7559,Mady,Kingzet,Seldom,792-346-5609,equipment,1,18,Female
66,8119,Iosep,Kippin,Yearly,341-492-9914,food,1,26,Male
67,15043,Marcia,Linklater,Monthly,952-728-6038,equipment,0,552,Female
68,10000,Harwilll,Natwick,Monthly,559-580-1587,equipment,1,645,Female
69,19450,Gabriellia,Milella,Often,926-193-2977,food,1,614,Male
70,16234,Berry,Grellier,Weekly,332-333-8829,food,1,272,Female
71,6744,Jaclin,Skitterel,Seldom,650-973-1264,equipment,0,597,Female
72,19143,Stewart,Stiger,Monthly,158-262-9640,equipment,1,872,Female
73,19198,Juditha,Harmston,Seldom,970-490-2476,food,1,326,Male
74,19313,Morty,Elesander,Seldom,331-806-7573,food,1,672,Male
75,14340,Bartolomeo,Canedo,Once,686-798-1604,equipment,1,961,Female
76,17644,Katinka,Dillinton,Once,254-900-9596,food,0,34,Male
77,7088,Vernon,Bill,Once,848-630-6309,food,0,170,Male
78,5279,Warde,Jerrans,Daily,230-720-9392,equipment,0,815,Female
79,12044,Deane,enzley,Never,930-165-8923,equipment,0,493,Male
80,11667,Tania,Plevin,Once,253-730-6174,equipment,0,815,Female
81,19090,Hi,Goosnell,Seldom,206-915-5343,equipment,0,548,Male
82,16001,Tris,Pretious,Seldom,878-755-3601,food,1,397,Male
83,10952,Cherry,Akeherst,Seldom,160-639-4281,equipment,1,792,Male
84,10984,Celene,Denziloe,Yearly,753-150-0160,food,0,371,Male
85,15059,Josh,Ollerhead,Never,952-710-3133,equipment,0,460,Female
86,14399,Yvette,MacBrearty,Yearly,142-625-9991,equipment,1,776,Female
87,7610,Corry,Blackmoor,Daily,173-161-8769,equipment,0,861,Male
88,14089,Viole,Fison,Weekly,500-479-3879,food,1,337,Female
89,10437,Aurelie,Alcido,Often,548-251-0763,food,1,618,Female
90,17323,Leeann,Boote,Often,802-316-6363,food,1,543,Female
91,10668,Raimundo,Delagnes,Never,775-409-8454,equipment,0,106,Male
92,12764,Emerson,Life,Seldom,992-516-1052,food,1,49,Female
93,18836,Roosevelt,Wethered,Monthly,881-553-1016,equipment,0,299,Male
94,8614,Lorin,Truss,Seldom,130-131-2400,equipment,1,769,Male
95,8229,Joaquin,Kynd,Often,951-720-2616,food,1,490,Female
96,8063,Brietta,Petticrow,Never,337-346-5537,equipment,0,167,Male
97,9372,Burlie,Bauchop,Yearly,783-186-4592,food,1,662,Male
98,19763,Clare,Scole,Monthly,199-540-8881,food,1,133,Female
99,18853,Linzy,Partkya,Monthly,734-877-7350,equipment,1,595,Female
100,15655,Dall,Higginbottam,Often,505-950-3308,food,1,462,Female
101,19728,Burgess,Minchinden,Seldom,884-960-5799,food,0,243,Female
102,19425,Patrizius,Walls,Often,751-557-4965,equipment,1,161,Female
103,9818,Antonio,Bradborne,Often,218-145-6755,food,1,550,Female
104,12532,Tiffany,Linfoot,Monthly,901-651-1531,food,1,942,Female
105,9938,Lauralee,Woolner,Monthly,919-786-3340,equipment,1,377,Male
106,10415,Rozalie,Kunrad,Daily,848-453-1733,equipment,1,754,Female
107,12801,Zorah,O'Hear,Yearly,501-370-6714,equipment,1,738,Female
108,18483,Blake,Zammitt,Never,568-743-5808,food,0,255,Male
109,6777,Therine,Mosten,Yearly,449-372-5396,food,0,632,Female
110,18663,Taylor,Mallows,Weekly,806-313-2121,equipment,0,301,Female
111,16128,Norrie,Hainge,Often,858-785-6080,food,0,680,Female
112,6500,Hillary,Della Scala,Weekly,809-281-4209,equipment,1,712,Male
113,11239,Glennie,Benion,Never,667-616-1802,food,1,114,Female
114,5880,Rosalyn,Frichley,Monthly,244-304-7196,equipment,0,998,Male
115,15454,Thorndike,Mussotti,Seldom,389-975-9683,food,1,966,Male
116,19401,Lucinda,Cornbill,Once,157-182-8515,equipment,1,648,Female
117,18409,Shalom,Guitel,Yearly,272-842-9750,food,1,883,Male
118,19357,Chrissy,Bridgstock,Weekly,147-318-4030,food,0,3,Female
119,7718,Link,Rillatt,Yearly,719-153-2000,food,1,750,Male
120,6009,Darla,Butt,Seldom,505-900-7349,equipment,1,114,Female
121,19316,Alain,Hinkens,Often,439-377-1793,equipment,1,840,Male
122,19857,Rustin,Spellworth,Never,780-309-9293,food,1,143,Female
123,16314,Ernestine,Mowday,Once,237-579-2386,food,1,654,Female
124,10070,Mirilla,Sabey,Once,328-446-0703,food,0,146,Female
125,11109,Corette,Walkington,Seldom,952-273-6716,equipment,1,367,Female
126,11630,Keefer,Bewlie,Seldom,334-118-5679,equipment,0,755,Female
127,17849,Henry,Edensor,Never,563-381-5771,food,1,130,Male
128,5482,Gwenni,Vreiberg,Monthly,214-907-0961,food,0,932,Male
129,10048,Ellsworth,Scyone,Once,231-319-4370,food,0,582,Female
130,13314,Lenard,Fludder,Monthly,324-756-2080,food,0,698,Male
131,17088,Hannie,Fridlington,Often,953-304-6182,equipment,0,594,Male
132,19240,Rakel,Plumbe,Daily,843-732-5790,equipment,0,909,Female
133,10127,Tammie,Kobieriecki,Daily,701-512-0230,equipment,1,3,Male
134,12439,Howie,Verecker,Yearly,871-402-7693,equipment,0,749,Male
135,18562,Dick,Whittenbury,Monthly,127-869-1083,food,1,579,Male
136,12442,Wilt,Pulster,Daily,379-187-4956,equipment,1,300,Female
137,8556,Yale,Perrins,Once,812-388-6534,equipment,1,408,Male
138,19371,Leroi,Leppingwell,Yearly,702-438-0890,equipment,1,373,Female
139,12814,Constantine,Breckwell,Weekly,599-205-7501,equipment,0,412,Male
140,10655,Herbie,Bidewell,Once,179-385-2470,equipment,0,366,Female
141,7594,Niko,Semor,Once,252-913-3826,food,0,48,Female
142,19972,Berry,Ewan,Never,384-818-5085,food,1,718,Female
143,16297,Philbert,Dench,Once,194-868-3053,equipment,1,728,Female
144,17566,Eddie,Gisbey,Monthly,391-554-3374,equipment,0,231,Male
145,13294,Kat,Pedwell,Monthly,663-598-6489,food,1,204,Female
146,11027,Georgie,MacKill,Daily,738-630-0740,food,0,319,Male
147,18451,Erin,Gouldstone,Monthly,964-554-9837,equipment,0,490,Male
148,5265,Niki,Collins,Once,945-201-9186,food,1,152,Male
149,9818,Haven,Whitehouse,Weekly,359-835-9572,food,1,904,Female
150,11825,Michaelina,Noir,Seldom,267-848-9254,equipment,1,845,Female
151,15318,Micky,Boarder,Monthly,661-442-3499,equipment,0,138,Female
152,9742,Anita,Kenion,Once,461-834-6991,equipment,0,191,Female
153,7421,Remy,Lush,Once,668-776-2636,food,1,897,Male
154,5654,Georgia,Foulstone,Monthly,853-109-7236,food,0,858,Male
155,19576,Alene,Bofield,Seldom,767-939-0208,food,0,204,Male
156,12194,Ronnie,McPhee,Never,586-862-4086,food,1,919,Male
157,6902,Miquela,Kern,Daily,838-499-2352,equipment,1,435,Male
158,19923,Rogerio,Daltry,Monthly,746-484-5469,equipment,1,894,Female
159,19340,Kelly,Yatman,Once,209-640-8775,equipment,0,247,Female
160,19516,Teressa,Chesney,Once,308-288-8899,food,1,59,Female
161,10308,Isac,Giroldi,Once,702-780-7069,food,1,985,Male
162,6400,Giorgio,Hubble,Seldom,638-146-1690,equipment,1,734,Female
163,17435,Bryn,Guilloton,Weekly,897-348-9962,food,0,24,Female
164,19652,Gaston,Muff,Once,969-970-1834,food,0,978,Male
165,14105,Madelon,Maydway,Weekly,252-330-0393,food,1,204,Male
166,16204,Flor,Gogerty,Often,259-848-5886,equipment,1,764,Female
167,7126,Barnaby,Hewins,Daily,461-211-8892,food,0,293,Female
168,13572,Cornela,Molloy,Daily,498-571-5398,food,1,966,Female
169,13426,Elise,Rubartelli,Monthly,802-822-7990,food,1,591,Female
170,13015,Boonie,Fleming,Seldom,792-504-4398,equipment,0,263,Male
171,19827,Waverley,Sherrocks,Never,111-155-3712,equipment,0,739,Female
172,18746,Mitchel,Glas,Weekly,223-235-5280,food,0,514,Male
173,12916,Leese,Menauteau,Weekly,795-135-8737,food,1,633,Male
174,14744,Whitby,Durrett,Often,474-494-5112,food,1,63,Female
175,8423,Boonie,Heiner,Daily,195-929-6805,equipment,1,681,Male
176,9899,Vincents,Manterfield,Seldom,637-625-1093,food,1,385,Female
177,15136,Janaya,Vannah,Yearly,653-846-5123,equipment,1,841,Male
178,7299,Trey,Whitby,Often,809-195-3256,food,1,73,Female
179,9081,Shanta,Ibbotson,Seldom,821-208-4814,food,1,567,Male
180,6191,Marv,Punton,Weekly,554-164-5502,equipment,1,880,Female
181,5536,Matthus,January,Once,590-996-6057,food,1,760,Female
182,6066,Jabez,Maffezzoli,Seldom,614-524-8051,food,1,824,Male
183,10600,Harcourt,Allingham,Yearly,269-324-9144,food,1,901,Male
184,14948,Bil,Threadkell,Yearly,977-619-8873,food,0,1,Male
185,13388,Lenee,Dumphry,Monthly,116-372-3689,equipment,1,265,Female
186,10255,Graham,Conquest,Seldom,675-124-9267,equipment,1,300,Female
187,6173,Dorine,Winward,Seldom,269-763-7683,food,1,237,Male
188,6656,Field,Priver,Often,139-514-4149,food,0,125,Female
189,6935,Joseph,Sharma,Once,947-753-9448,equipment,1,448,Female
190,8416,Shirleen,Pickless,Once,488-342-5257,equipment,1,956,Female
191,19048,Gerome,Bach,Once,721-369-4878,equipment,1,26,Male
192,14920,Karen,Leven,Daily,294-465-3175,equipment,0,869,Male
193,10708,Alethea,Pearlman,Seldom,720-516-2110,food,0,930,Male
194,16353,Isak,Littlewood,Yearly,930-662-1192,equipment,0,20,Female
195,9987,Mohandis,Huddleston,Seldom,667-635-7996,equipment,1,760,Female
196,18329,Luciano,Kindle,Monthly,802-830-3447,equipment,0,923,Male
197,13968,Josefina,Rannigan,Daily,688-250-8950,food,0,891,Female
198,13869,Tricia,Pavinese,Once,388-650-4496,food,0,699,Female
199,15036,Tristan,Redon,Monthly,703-860-6709,food,0,529,Male
200,17892,Nancie,O'Doohaine,Yearly,116-712-9231,equipment,1,240,Male
201,8493,Xavier,Pakes,Daily,210-367-7423,equipment,0,407,Male
202,15522,Weylin,Sauvage,Once,113-497-6680,equipment,1,975,Male
203,11636,Cash,Kleinzweig,Weekly,935-546-7116,equipment,1,455,Female
204,16411,Ty,Hebditch,Weekly,411-879-8989,equipment,0,586,Female
205,11560,Wallache,Darbyshire,Often,387-135-9555,equipment,0,234,Female
206,19610,Timothee,Fonquernie,Daily,168-839-2976,equipment,1,902,Female
207,8615,Kaiser,Klaes,Daily,376-840-7840,equipment,1,610,Female
208,9711,Lazarus,Pearse,Weekly,273-127-7834,equipment,0,317,Male
209,19252,Ruthann,McDool,Yearly,293-461-8558,food,0,885,Female
210,8844,Olympia,Jaskowicz,Weekly,372-572-8989,equipment,1,760,Female
211,16163,Kean,Janman,Daily,667-389-1006,equipment,0,689,Female
212,16316,Fredrick,Shippam,Daily,940-333-1704,equipment,0,797,Male
213,11005,Nalani,Baress,Once,296-310-1786,food,1,87,Female
214,5975,Laverne,Wyne,Daily,538-805-9088,food,1,286,Female
215,15091,Welsh,Blampy,Daily,404-807-4920,food,1,394,Male
216,15477,Estrellita,Martellini,Once,872-240-3015,equipment,0,441,Male
217,11536,Jard,Howells,Seldom,941-436-8518,food,1,663,Male
218,18938,Agosto,Bister,Daily,795-137-5985,equipment,1,143,Male
219,5883,Zita,Shakesby,Daily,508-875-8811,food,1,940,Male
220,7883,Aggie,Macek,Often,239-572-2390,food,1,135,Female
221,17869,Hanan,Gelder,Once,420-765-3115,equipment,1,355,Male
222,17204,Gunter,Frere,Seldom,184-482-1845,food,1,384,Female
223,17502,Laurene,Puttergill,Monthly,303-306-1223,equipment,1,603,Female
224,12717,Licha,Isakovitch,Monthly,935-888-9852,food,0,68,Male
225,5503,Rozina,Maher,Often,599-117-9404,equipment,1,326,Female
226,17498,Town,Boustred,Weekly,287-373-7776,equipment,0,979,Female
227,17193,Julian,Bim,Yearly,168-739-8494,equipment,1,545,Male
228,19250,Marlin,Jacomb,Often,204-420-6262,food,0,545,Female
229,15457,Farly,Mollett,Never,166-217-1820,equipment,1,452,Male
230,5538,Marrilee,Boldry,Monthly,333-729-2993,food,0,587,Female
231,5397,Noellyn,Bingall,Weekly,661-853-3191,food,0,343,Male
232,9450,Manda,Pietesch,Yearly,885-397-7659,food,0,451,Female
233,7221,Kaile,Bevir,Daily,684-999-0272,equipment,1,464,Female
234,8744,Tiff,Tringham,Never,538-906-3292,equipment,0,532,Male
235,15788,Harold,Kennaird,Daily,557-838-9783,food,0,638,Male
236,8147,Jilli,Atkyns,Daily,613-415-6533,equipment,0,363,Female
237,6199,Antonio,Pleass,Monthly,264-764-3868,food,0,491,Male
238,5262,Nathanial,McCreadie,Often,813-543-8371,equipment,1,799,Male
239,5664,Katina,Ceccoli,Often,394-370-7007,food,1,743,Female
240,18621,Steven,Halden,Often,489-285-5916,food,0,179,Male
241,12506,Betty,Laverock,Often,163-551-7517,food,0,26,Male
242,12266,Cleve,Jeandon,Seldom,743-112-8220,equipment,0,311,Male
243,16002,Silvia,Jentgens,Once,852-206-3989,food,1,67,Female
244,9779,Clare,Rheubottom,Monthly,810-872-3724,food,1,334,Female
245,6634,Annissa,Peoples,Weekly,820-378-7366,food,1,785,Male
246,11225,Yank,Feronet,Daily,890-385-5161,food,1,803,Female
247,12984,Lucias,Zold,Yearly,617-589-9884,food,0,436,Male
248,13429,Ernest,Linfoot,Seldom,977-458-4730,food,0,421,Female
249,10964,Mariette,Vint,Often,935-410-3577,food,1,403,Male
250,9223,Les,Seale,Yearly,969-250-7536,food,0,385,Female
251,9927,Earl,Wanne,Once,548-255-5943,food,0,636,Female
252,19640,Elana,Balogh,Daily,493-347-7961,food,0,373,Female
253,7199,Gaspard,Ailmer,Seldom,287-808-9017,food,1,124,Female
254,8734,Vanessa,Waud,Often,463-207-7021,food,0,919,Male
255,18390,Marcelia,Mavin,Seldom,764-644-9490,food,1,832,Female
256,14052,Barnabe,Footer,Daily,128-853-0143,equipment,0,493,Female
257,10044,Link,Muckart,Monthly,641-444-6312,equipment,0,510,Female
258,14203,Stephie,Eplett,Never,444-309-3715,equipment,1,445,Female
259,8988,Joey,Hagart,Once,724-510-4246,food,0,455,Female
260,8857,Jena,Cregan,Once,249-897-1196,equipment,0,275,Male
261,6878,Imelda,Grier,Monthly,110-594-9259,equipment,0,503,Male
262,16925,Danette,Alwood,Daily,795-280-9293,food,1,909,Male
263,6735,Theresa,Wapol,Never,526-203-7392,food,1,249,Female
264,12323,Berk,Middiff,Daily,245-718-1857,equipment,0,692,Male
265,7113,Agnola,Hirschmann,Daily,387-607-5042,equipment,1,483,Male
266,5983,Luise,Sneath,Weekly,255-388-3830,food,1,22,Male
267,7002,Jamie,Hatchette,Seldom,337-106-3613,food,1,271,Female
268,15437,Isis,Lambillion,Often,923-586-2447,equipment,1,554,Male
269,19924,Tirrell,Coultass,Monthly,579-153-2375,equipment,1,791,Female
270,9169,Roana,Grand,Monthly,132-487-6607,equipment,0,821,Female
271,16867,Garrek,Slowgrove,Seldom,449-727-8582,equipment,1,966,Female
272,5584,Forest,Mainds,Daily,770-227-6439,equipment,0,672,Female
273,16227,Elbert,Rohfsen,Once,735-438-4330,equipment,1,12,Male
274,11472,Heddie,Cullington,Often,571-783-7750,food,0,135,Male
275,7135,Eberhard,Pesak,Yearly,306-733-8848,equipment,0,693,Male
276,11596,Brig,D'Andrea,Often,105-427-0209,equipment,0,5,Female
277,14400,Garrard,Perring,Seldom,889-435-6644,food,0,603,Male
278,14990,Coreen,Haccleton,Yearly,515-897-3202,equipment,1,634,Male
279,12219,Horacio,MacAllaster,Yearly,673-292-7368,food,0,422,Female
280,10919,Inga,Riedel,Often,916-245-6812,food,0,570,Female
281,14489,Alec,Hadcroft,Seldom,693-409-2874,food,0,6,Female
282,10753,Chevalier,Arlidge,Often,788-452-4555,equipment,0,292,Female
283,16791,Devinne,Cohalan,Never,280-261-8712,food,1,582,Female
284,15505,Talbot,Matzaitis,Never,966-134-4057,food,1,970,Female
285,17535,Bill,Curtayne,Often,957-941-8646,equipment,1,874,Male
286,18557,Lenee,Burnel,Once,767-550-0746,food,0,721,Male
287,12355,Ibrahim,Page,Seldom,469-978-7846,equipment,0,754,Male
288,18510,Dee dee,Oakley,Monthly,101-695-5986,food,0,757,Male
289,10727,Umberto,St. Clair,Daily,394-956-9637,food,1,297,Female
290,5069,Theodor,McGerraghty,Daily,939-844-9208,food,0,262,Male
291,18043,Jaclyn,Shawcross,Often,893-638-8710,equipment,0,434,Male
292,12935,Zorah,Jochanany,Never,219-399-7774,food,0,947,Male
293,9177,Sashenka,Divall,Monthly,583-955-5297,food,0,700,Female
294,12023,Lynelle,Musterd,Seldom,445-934-0089,equipment,1,875,Female
295,13062,Burgess,Haggett,Never,604-603-2827,food,0,779,Female
296,12688,Ruby,Frotton,Weekly,610-550-5743,equipment,0,977,Female
297,15676,Dorelle,Vivash,Yearly,534-168-1740,equipment,0,639,Male
298,18675,Perren,Doerling,Yearly,595-328-5804,food,0,399,Male
299,18146,Stacia,Yakushkev,Once,956-524-4757,food,1,527,Female
300,10189,Pen,Pabelik,Monthly,744-108-0231,equipment,1,891,Male
301,9624,Chryste,Elldred,Monthly,741-378-4529,equipment,1,434,Male
302,16870,Calhoun,Ashby,Seldom,746-348-5794,food,1,766,Male
303,17388,Don,Lievesley,Often,750-817-4477,equipment,1,284,Male
304,17674,Heywood,Sandbach,Yearly,335-137-6562,food,0,286,Male
305,18259,Charmion,Ianetti,Yearly,699-313-7858,equipment,0,105,Male
306,17041,Marget,Prawle,Often,948-326-6787,food,0,738,Male
307,14064,Theda,Whittlesea,Monthly,587-387-8644,food,1,365,Female
308,6138,Genni,Durand,Often,110-955-3021,equipment,0,555,Female
309,13278,Dacie,Iacobini,Yearly,252-997-2189,equipment,1,152,Female
310,19301,Michaela,Fierman,Often,360-873-3305,food,0,704,Female
311,17275,Eada,St. Quintin,Daily,945-209-5255,food,1,234,Female
312,8322,Anselma,Gallon,Once,571-167-1360,equipment,1,951,Male
313,7031,Drusy,Corrin,Weekly,481-411-9073,food,0,622,Female
314,8323,Nichols,Badder,Monthly,260-115-9689,equipment,1,653,Female
315,19933,Ludwig,Lippiatt,Never,141-241-7992,equipment,0,176,Male
316,13907,Barrett,Debell,Once,809-698-3620,equipment,0,652,Male
317,11501,Rosene,Challenor,Daily,913-876-2287,equipment,0,104,Male
318,10096,Rina,Perrelli,Daily,463-653-0252,equipment,0,161,Female
319,19533,Regen,Hindmore,Once,102-535-6916,food,0,814,Female
320,6574,Welch,Rollinshaw,Often,430-804-6493,equipment,0,780,Female
321,6427,Demetrius,Elletson,Weekly,758-902-0961,food,1,694,Female
322,14629,Johannes,Darlow,Seldom,447-611-7888,food,0,845,Female
323,11399,Tedie,Fall,Never,442-729-2236,food,0,642,Male
324,8174,Chelsea,Krzyzanowski,Often,802-561-6827,equipment,0,34,Male
325,12227,Gae,Dranfield,Never,469-474-4979,food,0,464,Female
326,14432,Della,Bembrigg,Often,993-138-5169,food,0,504,Female
327,11116,Murvyn,Farley,Never,454-539-1789,equipment,0,60,Female
328,5604,Allayne,Murfill,Yearly,352-845-4436,equipment,1,793,Male
329,18064,Mab,Brummitt,Yearly,286-743-8296,equipment,1,756,Female
330,17538,Deonne,McGookin,Never,154-142-1791,food,1,416,Female
331,5986,Saba,Bushby,Seldom,771-799-6878,food,1,272,Male
332,18904,Tisha,Aleso,Often,152-466-8858,equipment,0,524,Male
333,18113,Farica,Pardy,Never,419-623-0936,equipment,0,615,Female
334,9143,Winifield,Joney,Daily,648-686-4973,food,1,944,Female
335,13643,Richmound,Oakman,Seldom,641-832-0986,equipment,0,684,Male
336,19066,Dinnie,Tapin,Monthly,543-663-7784,equipment,1,150,Male
337,10554,Harman,Smieton,Daily,601-875-8754,food,0,384,Female
338,18709,Chance,Murphy,Daily,108-312-5754,equipment,1,592,Male
339,12523,Dollie,Beiderbeck,Daily,159-580-4347,food,1,9,Male
340,5748,Fidole,Tickner,Weekly,378-706-1156,food,1,349,Female
341,15136,Oralle,Normanvill,Never,159-385-7534,equipment,1,23,Male
342,18485,Bobbie,Seeman,Often,136-992-2912,food,1,235,Male
343,6558,Melisandra,Garces,Never,211-247-7213,food,1,541,Female
344,13803,Dionis,Fallows,Weekly,219-707-3582,food,0,749,Male
345,8982,Basil,Carmen,Yearly,570-484-7116,food,0,341,Female
346,17858,Billye,Baudry,Once,913-645-2134,equipment,0,290,Male
347,8112,Doti,Manie,Often,916-995-4150,equipment,0,877,Male
348,11059,Hyacintha,Flowers,Never,710-822-4697,food,1,945,Female
349,11316,Dru,Hawkings,Often,705-165-0675,equipment,0,348,Female
350,6217,Lek,Townsend,Yearly,511-995-3558,food,0,183,Female
351,19106,Land,Comrie,Yearly,112-667-5297,food,0,283,Female
352,10560,Whitaker,Clayhill,Monthly,918-450-4061,food,1,317,Female
353,6562,Shepherd,Donnersberg,Weekly,992-837-5790,food,0,410,Male
354,5370,Krissy,Padillo,Weekly,707-176-2490,equipment,1,691,Female
355,10138,Bald,Brugsma,Daily,482-289-6637,equipment,0,970,Male
356,19232,Elfrida,Stollwerck,Monthly,225-430-1185,equipment,0,425,Female
357,7652,Darbie,Semper,Seldom,719-945-9850,food,0,875,Male
358,13648,Leanor,Bengtson,Yearly,206-606-8365,equipment,0,971,Female
359,17278,Robina,Romero,Yearly,295-176-4521,food,1,723,Male
360,17579,Guy,Pevreal,Monthly,221-115-1865,equipment,0,763,Female
361,9873,Fitzgerald,Brokenbrow,Yearly,245-581-4134,food,1,60,Female
362,14791,Winfred,Pallister,Once,655-152-2002,equipment,0,33,Male
363,7581,Marika,Aspole,Daily,875-548-2584,food,1,432,Female
364,18983,Pearline,Lally,Often,191-673-2661,equipment,1,639,Male
365,15832,Mignonne,Railton,Monthly,319-959-8656,equipment,0,664,Female
366,11266,Rodrigo,Martinon,Never,455-564-4206,food,0,800,Male
367,11408,Marlyn,Wheelan,Weekly,188-736-4328,equipment,1,591,Female
368,14184,Napoleon,Matyushkin,Monthly,354-318-8944,equipment,1,109,Female
369,15858,Karine,Speek,Seldom,617-790-6472,food,0,164,Male
370,9673,Marilee,Yurinov,Daily,566-802-8255,food,0,206,Female
371,19244,Cherry,Barclay,Once,254-360-4859,food,1,768,Male
372,17007,Elden,Yakutin,Often,475-419-2518,food,1,107,Female
373,8341,Halette,Phipard-Shears,Seldom,518-442-9664,equipment,0,403,Female
374,19478,Alonso,Gilhooly,Often,531-853-1988,food,0,7,Female
375,19328,Tedman,Faireclough,Once,699-498-6872,food,1,928,Female
376,13058,Stevie,Mattinson,Weekly,366-980-9520,equipment,1,142,Female
377,10661,Ruby,Alesi,Yearly,129-856-0474,equipment,0,721,Female
378,14383,Ferdie,Wolverson,Monthly,207-232-0081,equipment,1,53,Female
379,8612,Barron,Natwick,Weekly,894-378-4864,equipment,0,32,Male
380,10069,Loree,Suatt,Yearly,936-293-8368,equipment,1,258,Female
381,12577,Olwen,Sainz,Weekly,463-517-4442,food,1,316,Male
382,7084,Lorri,Howis,Seldom,585-556-6471,food,0,386,Male
383,9980,Elianore,Vanetti,Yearly,855-758-4148,food,1,71,Male
384,9888,Jemimah,Springle,Weekly,788-903-7760,food,0,39,Female
385,18671,Erhard,Franz,Seldom,306-208-0383,food,1,444,Female
386,11966,Christan,Gomersal,Daily,496-702-4983,food,0,987,Female
387,10856,Brittani,Fucher,Often,180-911-1907,equipment,0,974,Female
388,19109,Izak,Snugg,Weekly,517-521-1614,equipment,1,471,Male
389,13550,Zoe,Valero,Once,277-652-7905,equipment,0,208,Male
390,13937,Britni,Loreit,Daily,550-351-1394,equipment,0,217,Male
391,11630,Drucill,Vedmore,Never,970-804-0442,equipment,0,898,Female
392,8558,Skyler,Rintoul,Seldom,819-207-4952,food,0,687,Male
393,7542,Ariel,Spiteri,Daily,340-218-2122,equipment,1,364,Female
394,14415,Araldo,Wennington,Monthly,144-452-0701,food,0,695,Male
395,9138,Regina,Sneaker,Monthly,201-735-9204,food,1,515,Female
396,15870,Tobe,Janaud,Seldom,502-953-3571,equipment,0,644,Male
397,8234,Norine,Eriksson,Never,691-784-2858,equipment,1,641,Female
398,14712,Rabbi,Broxholme,Once,422-724-1114,food,0,552,Male
399,10049,Bette,Chape,Monthly,578-815-7546,food,0,153,Male
400,18392,Goddard,McKue,Monthly,879-729-7016,food,1,254,Male
401,14679,Bianca,Sheppey,Daily,657-474-3025,equipment,1,499,Female
402,13801,Herbert,Cullity,Seldom,884-795-0729,food,0,346,Female
403,17691,Moe,Nazair,Seldom,682-480-9470,food,1,600,Female
404,17008,Sallyanne,McMurdo,Monthly,562-418-0966,equipment,0,884,Female
405,15226,Bard,Fernant,Monthly,491-288-2065,food,0,562,Female
406,18860,Anet,Schindler,Daily,178-160-8458,equipment,1,617,Female
407,9290,Barbie,Guillem,Daily,943-266-9148,food,0,453,Male
408,10369,Constantina,De Castri,Yearly,879-197-3437,equipment,1,324,Male
409,10210,Elli,Tointon,Monthly,306-963-8309,equipment,0,878,Male
410,19593,Izzy,Cruddas,Once,998-863-5767,equipment,1,33,Female
411,16031,Wenona,Arnow,Monthly,965-743-7844,equipment,1,545,Male
412,8000,Hilde,Methley,Often,427-663-1941,equipment,1,707,Male
413,5440,Di,Thirtle,Monthly,548-773-3953,food,1,944,Female
414,12118,Vinny,Tellwright,Yearly,250-868-3976,food,1,706,Female
415,8223,Haily,Norres,Once,776-136-6709,equipment,0,508,Male
416,15765,Isidor,Matteo,Often,555-195-2943,food,0,228,Male
417,19615,Bernard,Whittlesey,Never,755-121-5113,equipment,1,981,Male
418,8945,Georgianna,Digger,Seldom,239-219-2475,food,0,21,Female
419,18692,Martelle,Peckett,Never,723-898-7373,food,1,38,Female
420,11993,Latrena,Shewsmith,Weekly,443-200-4826,equipment,0,249,Female
421,5368,Auberta,Edinborough,Monthly,409-131-7509,equipment,0,390,Female
422,10139,Tedman,Geely,Yearly,264-554-5123,food,1,529,Female
423,13765,Nancey,Fasey,Once,731-122-3822,equipment,0,402,Male
424,8504,Valaree,Saing,Once,655-229-4560,food,0,519,Female
425,5683,Leon,Dilkes,Daily,630-293-1781,food,0,95,Male
426,8432,Lyle,Moryson,Yearly,620-925-9675,food,0,698,Male
427,11878,Randa,Jirik,Weekly,660-475-4666,food,1,279,Male
428,11613,Arabele,Schermick,Never,473-728-0784,food,1,558,Male
429,15729,Somerset,Jillins,Monthly,369-318-1055,food,1,422,Male
430,10731,Brook,Liversley,Daily,324-121-6925,equipment,1,626,Female
431,5869,Rubi,Aves,Monthly,338-589-6887,equipment,0,429,Female
432,14310,Hank,Kinsey,Weekly,562-178-9788,food,1,262,Female
433,13263,Montague,Boas,Seldom,274-890-9833,food,0,813,Male
434,13699,Sophey,Jeger,Once,580-423-1041,equipment,0,697,Female
435,8295,Ahmed,Roft,Weekly,983-732-4318,food,1,468,Male
436,10722,Bessie,Cafferky,Weekly,128-106-1723,food,1,905,Male
437,11632,Edythe,Bolmann,Daily,649-472-3628,food,0,106,Male
438,18654,Lief,Castanyer,Never,892-926-0864,food,1,855,Female
439,12621,Almeta,Doram,Daily,998-144-2623,food,0,673,Male
440,19930,Bella,Stoddart,Daily,750-530-8804,food,1,977,Female
441,13259,Barnett,Letts,Once,986-867-3848,equipment,1,922,Female
442,17362,Britt,Park,Seldom,516-604-0869,equipment,1,700,Male
443,14687,Antonin,Croughan,Daily,746-924-2569,equipment,1,249,Male
444,10653,Editha,Durrant,Once,629-976-1882,equipment,1,675,Male
445,10163,Armand,Bexon,Seldom,351-156-2708,food,0,939,Male
446,15094,Prudence,Markel,Daily,768-548-6223,equipment,1,791,Female
447,10800,Lacee,Inglese,Monthly,780-901-2754,food,0,786,Male
448,12258,Chandal,Stallen,Daily,334-999-2110,food,0,958,Male
449,6182,Fitzgerald,Berry,Weekly,343-581-8370,food,0,346,Female
450,9747,Derrik,Von Helmholtz,Often,529-924-0409,food,1,347,Female
451,16716,Dimitri,Kitchingman,Seldom,630-636-1948,food,1,915,Male
452,9653,Balduin,Kamienski,Often,169-219-5562,food,1,967,Female
453,19738,Lynnelle,Dodswell,Monthly,125-480-1507,food,0,1000,Female
454,11461,Em,Jancso,Yearly,983-672-2357,equipment,0,739,Male
455,10398,Caresse,Borgesio,Seldom,609-225-7241,equipment,1,149,Female
456,11387,Thekla,Canfield,Daily,152-500-0018,food,0,561,Male
457,5056,West,Boler,Weekly,698-418-9477,food,1,312,Female
458,14110,Petronella,Caroll,Yearly,105-308-9045,equipment,0,315,Female
459,17041,Raynor,Stoving,Seldom,662-506-0039,equipment,0,461,Male
460,5354,Melamie,Guiton,Yearly,771-580-2133,equipment,1,519,Female
461,18409,Dacie,O' Borne,Weekly,696-162-6523,equipment,0,76,Male
462,13908,Ladonna,Dog,Often,274-444-8680,food,0,246,Male
463,17627,Erica,Screas,Often,364-916-1761,food,0,993,Male
464,6016,Terrye,Lecky,Once,858-969-9655,food,1,838,Female
465,9441,Cornelle,Martill,Never,766-582-6030,equipment,1,836,Female
466,6330,Madalyn,Zamudio,Yearly,965-108-3655,food,0,668,Male
467,12125,Else,Bedell,Monthly,291-398-2571,food,0,139,Female
468,5626,Evangelin,Borrell,Weekly,413-724-5447,food,0,307,Female
469,13988,Lucila,MacParlan,Once,426-689-7741,equipment,1,839,Male
470,7196,Natividad,Bernucci,Seldom,925-645-8046,food,1,574,Male
471,8223,Mendy,Steutly,Daily,996-612-7875,equipment,1,682,Female
472,7189,Roselia,Duce,Once,556-173-6743,equipment,1,859,Female
473,5325,Abie,Tabbernor,Daily,304-771-8310,food,0,75,Male
474,8802,Andres,Ballefant,Often,122-374-8337,equipment,1,284,Female
475,12903,Kelci,Congreave,Daily,618-732-0765,food,0,729,Male
476,13184,Jacklin,Schubbert,Yearly,817-726-3956,equipment,1,875,Female
477,19354,Gaynor,Dilger,Daily,614-871-8381,equipment,1,694,Male
478,11817,Tamiko,Swannell,Weekly,307-428-3410,equipment,0,15,Female
479,8461,Aksel,Skilton,Monthly,139-485-8986,equipment,0,747,Male
480,13898,Darell,Labrenz,Daily,544-264-7416,food,1,552,Male
481,12683,Stearn,Wilshaw,Once,196-221-0453,equipment,1,905,Female
482,12311,Cherida,Moncreiff,Seldom,852-235-7059,equipment,0,616,Female
483,14146,Alford,Sandhill,Weekly,206-290-3897,food,1,291,Male
484,16404,Kinny,Render,Weekly,259-544-9264,food,1,387,Female
485,13796,Ruthann,Cullon,Monthly,649-757-8750,equipment,0,271,Female
486,7428,Lotti,Riha,Weekly,198-195-3856,food,1,607,Male
487,13307,Marsh,Parlott,Never,918-153-9125,food,0,284,Male
488,5812,Mallory,Cavilla,Daily,625-189-7904,food,0,362,Female
489,17831,Uriah,Stannas,Daily,572-115-6362,food,1,631,Female
490,13215,Gherardo,Soall,Monthly,835-949-8804,equipment,1,183,Male
491,14933,Bellina,Cleynaert,Yearly,163-170-6366,equipment,1,477,Female
492,9597,Si,Hoyland,Monthly,681-330-0896,food,0,619,Male
493,12795,Kennith,Fibbings,Seldom,623-155-9389,food,1,724,Male
494,7934,Barbi,Salla,Daily,570-515-5756,food,0,579,Female
495,5963,Addie,Hasker,Monthly,695-984-5232,food,1,522,Female
496,17404,Fabian,Boldra,Never,357-851-4378,food,0,760,Male
497,15113,Cari,Ferriman,Never,428-121-6715,equipment,1,204,Male
498,16369,Heda,Rosen,Once,206-700-9086,equipment,1,181,Male
499,8908,Freemon,Houchen,Often,537-632-9236,equipment,0,765,Female
500,18185,Slade,Shelbourne,Yearly,183-342-3945,food,0,357,Male
501,7836,Case,Riggeard,Never,388-200-3593,equipment,0,793,Female
502,9593,Suzanna,Gisbourn,Monthly,568-271-6250,equipment,1,202,Female
503,17528,Neddie,Lippiatt,Once,327-889-4386,food,0,432,Female
504,12595,Alvie,Blake,Often,304-439-9327,equipment,1,720,Female
505,9176,Nick,Casolla,Weekly,734-650-8001,food,0,456,Male
506,18314,Leigh,Alkin,Daily,891-443-4777,food,1,671,Female
507,16109,Lenna,Abrahm,Monthly,306-344-7444,equipment,0,863,Male
508,5527,Leighton,Pakes,Weekly,173-890-4063,food,0,535,Male
509,6991,Dickie,Bleibaum,Yearly,772-652-3950,food,1,61,Female
510,13543,Noreen,Howman,Seldom,809-216-5754,equipment,1,482,Male
511,5478,Angeli,Crottagh,Monthly,268-384-7666,food,0,710,Female
512,12378,Sandye,Bladen,Monthly,972-201-6090,food,1,200,Female
513,8782,Drusie,Kobiera,Daily,775-928-4219,food,1,736,Female
514,14444,Dav,Tumelty,Once,596-620-2436,equipment,0,897,Male
515,14385,Osgood,Croce,Monthly,328-174-7913,equipment,1,152,Male
516,11039,Clemente,Pierse,Never,754-133-9719,food,0,784,Male
517,12069,Maggy,Kelsall,Often,252-915-8004,food,1,682,Female
518,19696,Debee,Stilgo,Never,607-230-8471,food,1,923,Male
519,9046,Lesya,Remnant,Monthly,338-678-1237,equipment,0,540,Female
520,11034,Gilbertina,Lampet,Yearly,881-801-8244,food,0,190,Male
521,14443,Brigg,Zettler,Monthly,362-960-5183,equipment,1,1,Male
522,10761,Solly,Boribal,Often,507-644-5772,food,0,922,Female
523,16460,Torrey,Farnham,Weekly,337-851-2052,food,0,5,Male
524,7583,Davida,Chatteris,Daily,244-276-4970,food,0,768,Male
525,12652,Caddric,Blaze,Daily,993-180-2704,food,0,154,Female
526,15085,Orson,Peller,Daily,315-901-3143,equipment,1,649,Female
527,13898,Gaby,Swansbury,Weekly,419-732-0004,equipment,1,575,Female
528,8705,Josey,Fintoph,Weekly,387-690-8319,food,0,687,Male
529,14659,Dulcie,Van Halle,Often,240-517-7374,food,0,423,Male
530,11971,Mavis,Bugdale,Yearly,285-176-8968,equipment,0,373,Female
531,13036,Linnea,Clamo,Yearly,737-174-3222,food,0,891,Male
532,5548,Tildy,Daugherty,Seldom,959-636-8016,equipment,0,723,Male
533,5611,Bea,Wardesworth,Never,311-924-4863,food,1,919,Female
534,6314,Ellissa,Petrushkevich,Never,678-903-9497,food,0,879,Male
535,13489,Dyane,Pozer,Often,342-488-9675,food,0,218,Male
536,15531,Evelina,Bryce,Monthly,547-325-8176,equipment,0,285,Female
537,17228,Gothart,Passie,Once,811-852-1740,equipment,0,748,Male
538,5041,Tillie,Braiden,Daily,848-394-1628,equipment,1,923,Male
539,13389,Nicol,O'Growgane,Yearly,472-573-5360,food,1,981,Male
540,14311,Prisca,Klawi,Daily,287-894-1144,equipment,0,177,Male
541,17108,Albina,Sibbering,Daily,666-144-3925,equipment,1,496,Male
542,9152,Ermengarde,Loddon,Never,576-692-2826,equipment,1,965,Male
543,12115,Mireielle,Uccello,Monthly,964-892-4963,food,0,419,Female
544,10699,Tera,Maeer,Daily,827-184-8673,equipment,0,396,Male
545,8277,Zacharia,Skeemer,Yearly,615-667-9964,food,0,872,Female
546,12838,Dorelle,Marjanovic,Once,636-591-4571,food,0,877,Male
547,7258,Tersina,Calveley,Daily,397-191-8963,equipment,0,718,Male
548,10336,Gloriane,Side,Yearly,141-627-7616,food,1,575,Female
549,12263,Antonino,Ahmad,Yearly,860-790-4921,food,0,717,Female
550,14269,Garek,Kulicke,Often,197-101-4763,equipment,1,246,Female
551,11440,Gris,Merrigan,Monthly,733-422-4397,equipment,1,498,Male
552,13577,Olympia,Presman,Never,720-766-8503,equipment,1,760,Male
553,18291,Noah,Demschke,Seldom,681-307-6344,food,0,15,Male
554,8326,Leontine,Whitehorne,Weekly,187-919-5771,equipment,1,502,Female
555,5235,Viola,Dudding,Once,138-141-1487,equipment,1,223,Female
556,14760,Brina,Cornuau,Once,478-101-5740,equipment,1,140,Male
557,9341,Shell,Murley,Never,705-736-9048,food,0,84,Male
558,15849,Max,Jennens,Weekly,869-734-0003,equipment,1,208,Male
559,16671,Georgina,Polley,Weekly,211-846-5684,equipment,1,380,Female
560,8865,Ewart,Baccas,Yearly,666-877-7400,equipment,1,316,Female
561,5558,Kev,Abbie,Daily,787-734-8578,equipment,1,525,Female
562,13898,Logan,Mumberson,Monthly,658-940-0925,food,1,399,Female
563,16495,Svend,Vines,Monthly,407-860-7055,food,1,778,Male
564,7628,Deena,Sex,Daily,594-665-5340,food,0,633,Female
565,9683,Glenn,Dansken,Often,948-740-5165,equipment,1,481,Female
566,5493,Sonnnie,Raunds,Monthly,656-226-0422,equipment,1,109,Male
567,17441,Julianna,Batrop,Daily,895-454-4526,equipment,1,834,Female
568,13232,Delmor,Haverty,Never,814-280-7826,food,1,743,Male
569,7965,Hazlett,Trevithick,Daily,476-529-1438,equipment,0,78,Female
570,16310,Stephana,Stoffersen,Often,151-692-2544,food,1,776,Male
571,7002,Linette,Child,Never,680-931-9103,food,1,41,Female
572,6740,Marybelle,Roe,Weekly,587-564-0183,food,0,173,Male
573,17770,Gwenneth,Beaves,Weekly,952-205-1127,food,1,550,Female
574,19982,Lynda,Heineke,Seldom,271-730-4002,food,1,346,Male
575,9308,Analiese,Taunton,Never,440-746-1900,food,1,657,Female
576,14215,Roland,Lyness,Weekly,322-653-7419,equipment,0,646,Female
577,15727,Byron,Fullerlove,Daily,182-676-4578,equipment,1,715,Male
578,17212,Roxy,Norridge,Yearly,396-962-8605,equipment,1,775,Female
579,17185,Saraann,Aspinell,Yearly,900-867-8180,food,0,746,Female
580,12746,Merrill,Sheivels,Never,725-843-5018,food,0,785,Male
581,7423,Jessika,Smalman,Yearly,341-427-6323,equipment,1,120,Female
582,8826,Laurene,Keling,Daily,759-466-3361,equipment,0,529,Female
583,6013,Isis,Carlet,Once,626-835-5727,food,0,380,Male
584,9652,Karilynn,Mouton,Yearly,651-792-3053,food,0,349,Male
585,19205,Doretta,Mote,Seldom,589-161-8667,equipment,1,739,Female
586,13474,Larine,Yuryshev,Once,523-799-3998,equipment,1,879,Female
587,19417,Eunice,McCaughan,Weekly,462-764-9398,equipment,0,767,Male
588,7420,Terry,Yatman,Once,754-190-4279,food,1,69,Male
589,9518,Rosco,FitzAlan,Seldom,399-482-6196,equipment,1,112,Male
590,7707,Nessi,Riall,Often,708-308-9915,food,1,504,Female
591,6401,Ada,Merigon,Yearly,411-469-6273,food,1,499,Female
592,19296,Stacy,Spadazzi,Daily,886-499-3903,equipment,0,259,Male
593,13667,Marji,Lettice,Daily,727-877-3863,equipment,1,20,Female
594,16335,Adair,Baldrick,Often,452-789-1658,equipment,1,737,Female
595,5321,Fanya,DelaField,Monthly,855-139-7965,equipment,1,477,Female
596,16583,Selie,Landrick,Weekly,400-388-5102,food,0,312,Female
597,15846,Elladine,Luipold,Seldom,443-774-9021,food,0,933,Male
598,7703,Joellyn,Ostridge,Weekly,906-526-0723,equipment,1,557,Female
599,17698,Lolita,Ashdown,Never,345-253-5154,equipment,1,601,Female
600,13514,Minnie,Desesquelle,Once,405-348-2666,food,0,235,Male
601,19549,Alvy,Cleghorn,Once,468-744-8224,equipment,1,728,Male
602,11548,Yolande,Sherman,Weekly,971-141-0098,food,0,208,Female
603,11539,Mord,Buttle,Never,822-869-3621,food,0,685,Male
604,14090,Price,Ronca,Daily,231-244-8109,equipment,1,37,Male
605,15130,Ingaborg,Kalewe,Yearly,558-261-8714,equipment,1,486,Male
606,12992,Basilius,Sokell,Never,747-472-0162,food,1,218,Male
607,19169,Aida,Huffer,Weekly,772-301-5571,equipment,0,464,Female
608,18507,Ericha,Lampitt,Yearly,874-656-1887,equipment,1,29,Female
609,18158,Marcile,Showers,Daily,545-183-3330,food,1,123,Male
610,9311,Devy,Carcass,Seldom,222-615-1338,food,1,905,Male
611,16751,Alvy,Dimelow,Daily,289-890-8350,equipment,0,906,Male
612,7945,Timothee,Corkel,Daily,458-579-2353,equipment,1,561,Male
613,7774,Lanna,Stennet,Once,228-729-7509,food,0,623,Female
614,5384,Suzanne,McCorry,Weekly,836-658-6114,equipment,1,332,Male
615,6151,Brande,Gladdor,Daily,665-759-0813,food,1,295,Female
616,15750,Ingamar,Chazelas,Never,908-947-8121,food,0,48,Male
617,12767,Elinore,McCarry,Weekly,581-822-0865,food,1,913,Male
618,17977,Othilie,Daventry,Often,341-938-7393,equipment,0,602,Female
619,18803,Philis,Mongan,Weekly,841-482-1663,equipment,1,265,Female
620,6842,Chelsae,Antrobus,Never,285-715-8099,equipment,0,885,Male
621,10598,Anatola,Haselwood,Seldom,849-515-3659,food,1,247,Male
622,8234,Marcia,MacKall,Monthly,601-683-0842,food,0,164,Female
623,9867,Lacee,MacColgan,Weekly,677-333-8188,food,1,254,Female
624,7634,Aloise,Blannin,Never,264-125-2396,food,0,749,Male
625,9256,Kary,Chaldecott,Once,188-130-1989,food,0,942,Male
626,5656,Jacquelin,Sheara,Once,464-387-2152,food,0,482,Female
627,11934,Petra,Leser,Once,146-400-7280,food,1,21,Male
628,6371,Evangelin,Foulcher,Often,474-463-4564,equipment,0,137,Female
629,10175,Kikelia,Raubheim,Never,122-993-4331,equipment,1,482,Male
630,8725,Berni,Coppen,Daily,944-827-6112,food,0,908,Male
631,19978,Bond,Halligan,Monthly,280-825-3082,equipment,1,739,Female
632,7596,Sharyl,Granham,Seldom,819-563-6051,food,0,77,Male
633,8338,Hillary,Eyres,Weekly,617-939-3917,food,1,686,Male
634,10514,Dante,Dorsey,Seldom,290-880-2993,food,1,916,Female
635,13575,Sibelle,Batistelli,Weekly,540-334-2975,equipment,0,140,Male
636,8602,Marcelline,Durant,Monthly,290-525-0543,equipment,1,2,Male
637,19407,Florance,Bosence,Never,825-876-7519,equipment,1,522,Male
638,16827,Verla,Bussens,Seldom,274-951-4125,food,0,977,Male
639,7610,Keriann,Ceeley,Seldom,790-388-9103,equipment,1,977,Female
640,6643,Wait,Beachamp,Yearly,917-163-2460,equipment,1,913,Female
641,8859,Layla,Andrasch,Never,485-597-5597,equipment,0,291,Female
642,6726,Purcell,Stammer,Never,911-287-5838,equipment,1,467,Male
643,14379,Corine,Camolli,Weekly,619-511-4385,food,0,86,Male
644,16835,Gerty,McTavish,Monthly,376-766-3656,equipment,1,57,Male
645,5360,Koo,Poulsom,Often,300-469-7347,equipment,0,901,Female
646,19903,Colleen,Ovington,Monthly,671-771-0845,equipment,0,849,Female
647,12804,Kristina,Parry,Daily,610-855-3147,food,0,820,Male
648,11999,Scottie,Dudeney,Often,258-614-7921,equipment,0,894,Female
649,17997,Franz,Vasyuchov,Monthly,222-706-7235,food,1,352,Male
650,6836,Sonni,Melding,Daily,854-867-2996,equipment,0,878,Male
651,19375,Morris,Jewiss,Daily,487-677-4350,equipment,0,312,Female
652,18724,Sarina,Fullwood,Weekly,685-680-9902,equipment,1,450,Female
653,5012,Nada,Matussow,Seldom,938-856-4380,equipment,1,175,Female
654,15691,Maynard,Shilstone,Often,519-914-4585,food,0,917,Female
655,17079,Kirsten,Scramage,Never,987-236-4405,food,0,551,Male
656,7409,Conn,Wanderschek,Monthly,351-180-1900,food,0,207,Female
657,16913,Peggie,O'Lagene,Seldom,926-698-1237,food,0,975,Female
658,7031,Mariette,Eicke,Never,710-620-3149,food,1,742,Male
659,6325,Gordon,Canfield,Seldom,479-208-0396,equipment,0,232,Male
660,8089,Stefano,Capini,Seldom,795-678-6680,food,0,596,Male
661,12803,Philomena,Francescotti,Daily,701-724-6674,equipment,0,7,Female
662,10460,Winifred,Kolak,Weekly,299-528-7805,equipment,1,287,Female
663,13741,Conrad,Crayden,Weekly,917-263-6317,food,0,272,Female
664,10909,Cassie,Berkelay,Monthly,444-316-4959,equipment,1,591,Female
665,17508,Gussy,Arnolds,Yearly,999-307-3895,food,0,288,Female
666,17130,Hermie,Shearmur,Daily,340-272-9812,food,1,144,Female
667,11424,Adan,Cousins,Yearly,959-176-5344,food,1,913,Female
668,9340,Dalli,Dockwra,Once,178-969-3092,equipment,1,795,Female
669,10322,Ramsey,Cottie,Yearly,901-551-3818,food,0,214,Male
670,16577,Donna,Kollach,Once,547-216-7683,equipment,0,221,Male
671,10497,Marlie,Kinnear,Once,999-115-1276,food,0,770,Female
672,15100,Jemie,Treagus,Once,825-982-1838,food,0,969,Male
673,16444,Nonnah,Collihole,Weekly,405-714-0751,equipment,0,89,Female
674,17052,Tannie,Benez,Once,305-894-1597,equipment,0,166,Female
675,9826,Vic,Shannahan,Weekly,104-957-3644,food,1,19,Female
676,7337,Nata,Gerhartz,Daily,821-684-0220,food,0,827,Male
677,7909,Brennan,Ivanikov,Often,525-995-3624,food,0,716,Male
678,12937,Angie,Crummay,Monthly,691-884-5983,equipment,0,825,Male
679,15105,Udale,felip,Once,504-872-5416,food,1,395,Male
680,9814,Norina,Geockle,Seldom,902-659-4620,food,1,742,Male
681,13697,Edin,Pocock,Seldom,322-829-5629,equipment,0,245,Male
682,10381,Tamas,Kiefer,Weekly,903-728-8015,food,1,100,Male
683,10165,Clarisse,Arnould,Often,407-609-4534,equipment,1,682,Male
684,8787,Gunter,Roxbrough,Yearly,549-268-9663,equipment,1,261,Female
685,17675,Colette,Piccop,Monthly,672-737-7728,food,0,931,Female
686,17106,Bunni,Pacheco,Seldom,304-540-0800,equipment,1,242,Male
687,5352,Fredi,Wray,Weekly,290-350-4268,food,1,313,Male
688,14197,Hobard,Mullinder,Weekly,800-111-7983,food,1,271,Male
689,9598,Paulie,Collyns,Monthly,780-254-3579,equipment,1,828,Male
690,5646,Pieter,Peltzer,Often,264-790-9146,equipment,1,425,Female
691,5820,Penelope,Dyter,Often,999-374-6378,food,1,885,Female
692,7005,Ursa,Gallatly,Once,242-324-2281,equipment,0,972,Male
693,8397,Rollo,Skule,Seldom,861-589-1794,food,1,505,Male
694,19444,Pier,Elston,Monthly,276-426-1689,food,0,841,Female
695,18818,Georgena,Rodrigues,Often,316-602-4752,food,1,637,Female
696,17091,Zechariah,Nield,Yearly,857-167-6343,food,1,476,Female
697,7242,Townie,Prium,Seldom,583-698-1841,food,0,823,Male
698,11806,Rosella,Bellam,Daily,809-187-9238,equipment,1,193,Female
699,18831,Morgan,Brabin,Monthly,112-566-3783,food,0,416,Male
700,15021,Wilt,Baudi,Often,758-591-7419,equipment,0,281,Male
701,14564,Rex,Marmyon,Daily,696-869-2850,food,1,496,Female
702,16611,Frederick,Roubert,Often,717-841-2629,equipment,1,43,Male
703,14489,Clair,Kitto,Yearly,238-889-3614,equipment,0,844,Female
704,13538,Del,Mariaud,Never,976-785-8204,equipment,1,141,Female
705,6517,Axel,Askin,Daily,736-879-4959,equipment,1,203,Male
706,9957,Kim,McGaraghan,Daily,853-834-9409,food,0,448,Male
707,12048,Lindie,Jarry,Seldom,301-420-2703,food,1,785,Male
708,10375,Paxon,Firmage,Monthly,497-440-0463,food,1,99,Male
709,10287,Wernher,Zorzoni,Once,980-330-0989,equipment,1,642,Female
710,7911,Glenda,MacCartan,Monthly,320-245-8695,food,1,934,Female
711,11071,Nevil,Tasseler,Monthly,783-421-9244,equipment,1,823,Female
712,18138,Delano,Jickells,Monthly,318-598-4777,equipment,1,327,Female
713,11774,Whitaker,Spickett,Yearly,189-627-3041,food,0,504,Female
714,12870,Milka,Ioselev,Seldom,957-758-5819,food,1,753,Male
715,7772,Titus,Castro,Seldom,687-593-8219,equipment,1,492,Male
716,9648,Krista,Borer,Seldom,217-207-9400,equipment,1,639,Female
717,5398,Titos,Greenhaugh,Once,315-397-5819,equipment,1,344,Female
718,13188,Georg,Bentley,Weekly,710-884-8973,food,1,829,Male
719,18038,Prescott,Ungerer,Daily,628-954-9516,equipment,0,927,Female
720,9660,Dorita,De Ortega,Seldom,570-560-3762,equipment,1,327,Female
721,5924,Marcus,McLaine,Weekly,908-358-8897,equipment,0,369,Female
722,8706,Aliza,Roisen,Weekly,276-728-1341,equipment,1,404,Male
723,10829,Ninette,Elner,Weekly,173-649-0096,food,0,790,Male
724,14622,Wildon,Kidby,Yearly,364-234-5469,food,0,450,Female
725,19611,Padriac,Lalonde,Seldom,551-504-7978,equipment,1,866,Female
726,12961,Penn,Dulanty,Daily,599-632-7371,food,0,6,Male
727,11360,Greggory,Lerego,Seldom,247-193-7498,food,1,97,Male
728,16935,Pooh,Burren,Monthly,326-325-9172,food,0,280,Male
729,8518,Babette,Targetter,Monthly,700-996-5686,food,0,706,Female
730,8527,Gordon,Strahan,Never,910-529-4404,equipment,0,273,Male
731,13040,Jon,Ferreli,Once,721-515-1790,food,0,224,Male
732,11159,Jonah,Burdess,Once,363-959-8053,equipment,1,317,Female
733,6743,Angelika,Tabbernor,Weekly,194-805-2335,food,0,517,Female
734,12262,Bevon,Ferrers,Seldom,981-506-9997,equipment,1,227,Male
735,12164,Paddie,Lanfare,Yearly,712-251-1100,equipment,0,774,Female
736,7619,Boothe,Wackly,Once,315-257-8526,food,0,857,Male
737,14016,Ritchie,Whitelaw,Weekly,545-396-1107,equipment,0,369,Female
738,17991,Rebekkah,Gynni,Often,869-644-7681,food,0,986,Male
739,7258,Marve,Cato,Daily,938-326-8149,food,1,362,Male
740,13107,Hendrick,Loyns,Daily,767-728-4251,food,0,108,Male
741,8697,Sibelle,Carrier,Monthly,524-460-6796,food,1,234,Male
742,7128,Yvette,Vardy,Seldom,530-800-8894,food,0,62,Female
743,19045,Sergent,Crowley,Weekly,486-433-6185,food,1,874,Male
744,11582,Kayla,O'Cleary,Seldom,231-108-5633,equipment,1,339,Male
745,9027,Heindrick,Welland,Seldom,808-914-5826,food,0,428,Female
746,15745,Alano,Beaman,Weekly,401-218-1754,food,1,215,Female
747,13769,Sabina,Tulloch,Daily,562-723-5322,equipment,0,307,Male
748,15862,Kearney,Faichnie,Seldom,996-185-3345,food,0,115,Female
749,7139,Belvia,Stuttard,Monthly,369-122-2649,food,1,947,Male
750,9028,Brandy,Ramalho,Often,681-458-5344,food,1,354,Male
751,15115,Meghann,Mahomet,Never,428-556-5508,equipment,1,418,Male
752,6948,Stacee,Ekkel,Seldom,528-766-5183,equipment,1,39,Female
753,16221,Annaliese,Lacroux,Weekly,904-428-3301,equipment,0,799,Female
754,11941,Karlan,Colmer,Once,847-995-7067,equipment,1,273,Female
755,17564,Layney,MacCafferky,Seldom,542-489-5710,equipment,1,648,Male
756,12405,Skipp,Shawcroft,Once,869-745-9115,food,0,849,Female
757,18860,Loralee,Dufaur,Monthly,558-601-9904,equipment,1,631,Male
758,9131,Lilith,Lazell,Yearly,734-692-3415,equipment,1,260,Male
759,14145,Emilio,Cordoba,Monthly,761-222-1066,food,0,522,Female
760,15319,Regine,Presnall,Weekly,631-756-3520,food,1,491,Female
761,19496,Flora,Beetlestone,Daily,599-146-6925,equipment,1,920,Female
762,5636,Hy,Strute,Yearly,110-517-9369,equipment,1,437,Female
763,14070,Hi,De Antoni,Once,966-357-3514,equipment,1,632,Female
764,12588,Dermot,Muck,Monthly,330-978-9256,equipment,0,257,Male
765,8418,Pernell,Gergolet,Monthly,537-440-9958,equipment,0,123,Male
766,14718,Evey,Cowitz,Once,674-860-6029,food,1,83,Male
767,12843,Wilbert,Clint,Seldom,241-218-8204,food,0,938,Female
768,7725,Coral,Sherebrooke,Never,613-287-3537,food,0,843,Female
769,13579,Lucinda,Blakes,Daily,814-760-9053,equipment,0,1,Male
770,13176,Dorothee,Saffer,Never,503-768-0623,equipment,0,484,Male
771,19709,Judy,Volage,Seldom,553-283-1774,equipment,0,953,Male
772,17124,Michaelina,Garralts,Daily,506-355-2236,food,1,5,Female
773,10750,Rebekkah,Le Breton De La Vieuville,Monthly,605-435-6252,food,1,661,Female
774,5669,Cristy,Cadreman,Once,157-576-2298,equipment,1,219,Female
775,10217,Christyna,Boldison,Often,855-811-7477,equipment,1,773,Male
776,5359,Bryon,Cerro,Once,660-845-4212,equipment,0,199,Female
777,15149,Gael,Menaul,Weekly,816-514-5873,equipment,0,804,Male
778,13843,Hill,Carnall,Monthly,298-128-2277,food,0,840,Female
779,11897,Annabella,Jenman,Often,306-681-9569,food,0,547,Male
780,19106,Thorn,Balcock,Daily,420-926-0565,food,1,818,Male
781,16934,Minna,Shepton,Weekly,483-991-9130,food,0,168,Male
782,14826,Arlene,McGiffie,Often,561-921-0207,equipment,1,329,Female
783,7286,Scarlett,Yakuntzov,Yearly,866-256-3145,food,0,515,Male
784,5826,Weider,Pressdee,Weekly,119-324-1295,equipment,1,864,Female
785,11211,Gregorius,Critch,Daily,741-690-1605,food,0,716,Male
786,10314,Karlene,Pimlock,Once,320-283-7473,food,0,856,Male
787,6368,Silvain,Suttie,Yearly,134-585-4252,food,1,294,Male
788,19808,Ferrel,Fettes,Seldom,169-548-0209,equipment,0,637,Female
789,16097,Claudina,Serotsky,Often,344-975-9723,equipment,1,186,Male
790,6155,Gregoire,Blackall,Often,509-990-3366,equipment,0,834,Female
791,8454,Thorndike,Sorsby,Daily,160-338-9512,food,1,512,Female
792,6303,Zenia,Stainton,Yearly,853-745-0679,food,1,510,Female
793,7769,Lita,Ledingham,Yearly,806-990-9921,food,0,704,Male
794,16912,Redd,Pavluk,Often,490-227-8439,equipment,1,146,Male
795,16969,Porty,Maystone,Often,237-812-9482,food,1,317,Female
796,19347,Corie,Pietzner,Monthly,778-933-0422,food,0,680,Female
797,8614,Nicki,Sizeland,Monthly,256-553-2097,food,1,127,Female
798,19701,Vere,Sanpher,Daily,330-797-7820,equipment,0,86,Female
799,15496,Adriena,Decourt,Yearly,233-451-8964,food,1,720,Female
800,5728,Garald,Landrieu,Seldom,919-655-2843,food,0,982,Female
801,15227,Randal,Roach,Weekly,467-922-7501,equipment,0,615,Female
802,7953,Jarib,Gilburt,Seldom,895-901-4026,food,1,29,Male
803,15196,Taber,Edgley,Monthly,309-157-7624,equipment,0,929,Female
804,19507,Lianne,Busk,Monthly,837-629-0784,food,1,725,Female
805,5180,Nap,Spearett,Often,667-928-7118,food,1,855,Female
806,7137,Tammara,Ruppele,Seldom,667-137-3064,equipment,1,497,Male
807,6480,Sherie,Yusupov,Monthly,206-361-8131,food,0,179,Female
808,6731,Ellie,Kellough,Weekly,970-909-0315,equipment,0,630,Female
809,8962,Cookie,Wilse,Seldom,925-535-1453,food,1,820,Female
810,5466,Stanton,Heynen,Once,356-199-5766,equipment,0,699,Female
811,9350,Othilie,Francescuccio,Often,652-151-6773,equipment,0,886,Male
812,8397,Patten,Backshaw,Daily,441-699-3134,food,1,801,Male
813,11009,Tabbie,Hatfull,Monthly,746-249-4245,equipment,1,782,Female
814,5237,Yoko,Baccus,Often,460-235-6342,food,0,689,Female
815,15904,Hy,Carvil,Monthly,753-871-1939,food,1,816,Male
816,11291,Sylvan,Vatini,Monthly,302-134-6584,equipment,0,506,Female
817,13037,Aguste,Rylands,Once,887-820-3453,equipment,1,73,Male
818,7113,Maribel,Malam,Seldom,935-357-1840,equipment,1,303,Male
819,14440,Aristotle,Benedicte,Often,669-184-1809,food,1,778,Female
820,15278,Ray,Colicot,Often,585-315-0127,equipment,0,743,Male
821,5404,Janith,MacCague,Daily,678-433-6465,equipment,1,86,Male
822,17680,Wallas,Normant,Often,304-317-8072,equipment,1,132,Male
823,6352,Perri,Hazleton,Seldom,519-272-4455,equipment,1,383,Male
824,10953,Nealon,Oram,Weekly,879-160-6998,equipment,1,602,Female
825,10806,Jerrylee,Glancey,Never,736-948-4347,equipment,0,542,Male
826,5283,Hewett,Gravells,Weekly,898-480-1959,equipment,0,213,Male
827,8901,Jorry,Christie,Weekly,861-991-9725,equipment,1,834,Male
828,9921,Tracie,Piffe,Once,617-817-4197,food,0,278,Male
829,5006,Coralie,Jacson,Often,848-596-0579,equipment,1,645,Female
830,15120,Mireille,Matteucci,Weekly,821-685-1570,food,1,812,Female
831,15785,Caritta,O'Cannon,Yearly,334-560-1892,food,0,260,Male
832,6513,Allison,Patemore,Yearly,455-338-5656,equipment,0,210,Male
833,5857,Maddie,Blackford,Monthly,118-860-4796,food,0,92,Female
834,14848,Dewie,Burroughes,Seldom,318-779-7149,equipment,1,509,Male
835,17325,Doris,Henworth,Often,555-754-5371,food,0,430,Male
836,9068,Brnaby,Keemer,Monthly,479-537-8159,equipment,0,326,Male
837,10579,Glenda,Brideaux,Yearly,383-165-7422,food,0,47,Male
838,8408,Winn,Keese,Once,797-776-1865,food,1,383,Male
839,12683,Fifi,Laxon,Monthly,706-462-7772,food,0,867,Male
840,14976,Delora,Wellbank,Weekly,419-279-2453,equipment,0,412,Female
841,12461,Jocelyn,Wathall,Once,288-438-7626,food,1,758,Male
842,8653,Teresa,Bannard,Monthly,823-151-4714,food,0,838,Female
843,13665,Cindy,Shapter,Never,247-241-3825,food,1,51,Female
844,13268,Nelly,Stodd,Never,891-266-9544,equipment,0,291,Female
845,18008,Correy,Cresar,Daily,276-117-5823,food,0,333,Male
846,19392,Rufus,Simonsson,Weekly,952-206-8344,food,0,283,Male
847,11664,Codee,Ferronet,Monthly,793-204-6085,equipment,0,191,Male
848,14585,Essy,Pelling,Yearly,891-251-7493,equipment,1,506,Male
849,12776,Mohammed,Egiloff,Often,918-405-3036,equipment,0,693,Female
850,17363,Sara-ann,Savidge,Daily,777-172-1330,food,1,99,Female
851,10878,Joelynn,Shedd,Often,406-977-8908,food,1,806,Male
852,16246,Addi,Follos,Seldom,614-760-4605,food,1,790,Female
853,16350,Court,Henkens,Often,952-878-2314,food,1,900,Male
854,19600,Annadiana,Welfair,Daily,201-360-3074,equipment,0,224,Female
855,5761,Maryellen,Lorkins,Often,439-908-5844,food,0,837,Male
856,5055,Abba,Bolzen,Once,355-638-0287,equipment,0,934,Female
857,10593,Patrizio,Copcote,Yearly,852-943-2491,equipment,0,296,Male
858,19042,Joe,Impson,Yearly,696-135-9855,equipment,1,981,Male
859,14825,Prescott,Barringer,Once,205-925-6753,equipment,1,74,Female
860,10280,Kayla,Riggs,Never,723-102-6157,equipment,1,712,Male
861,8849,Allsun,Cant,Often,583-985-9884,food,0,145,Male
862,12103,Kippie,Humphris,Often,792-131-1105,food,1,628,Male
863,16898,Philip,Tweed,Daily,761-294-3453,food,0,174,Female
864,17068,Stella,Norsister,Weekly,313-623-0239,equipment,1,903,Male
865,11972,Tonnie,Stimpson,Once,230-873-5124,food,1,151,Male
866,19928,Tabatha,MacCague,Weekly,233-955-0503,equipment,0,74,Female
867,6107,Sarina,Treadgall,Once,915-421-6249,food,1,299,Female
868,5447,Barbe,Regglar,Seldom,605-849-6880,equipment,0,357,Female
869,15616,Steffen,Jedraszek,Monthly,518-843-5861,food,1,869,Male
870,12237,Montgomery,Eshelby,Monthly,475-918-9244,equipment,1,276,Female
871,9924,Burnaby,Nockles,Daily,876-594-8297,equipment,1,174,Female
872,15813,Horatia,Lunn,Daily,520-982-4525,food,1,184,Male
873,15343,Silvan,Batchelour,Daily,177-965-7754,food,0,934,Male
874,6529,Verne,de Grey,Yearly,778-373-5304,food,1,445,Female
875,14194,Leonardo,Girtin,Often,200-939-0273,equipment,0,477,Female
876,14313,Loren,Horrod,Weekly,226-972-2794,equipment,0,107,Female
877,15289,See,Schruurs,Monthly,276-247-8888,equipment,1,793,Female
878,7186,Aluino,Butner,Never,301-396-1908,equipment,0,207,Male
879,14578,Cello,Haggleton,Never,905-240-9794,food,0,563,Female
880,6130,Lilith,Chinnery,Once,415-794-2602,equipment,0,40,Female
881,12425,Daphne,Tuison,Never,989-232-4819,equipment,0,996,Male
882,11925,Brian,Calcut,Often,474-468-8678,food,1,962,Male
883,9577,Nelie,Airlie,Weekly,617-383-6615,food,0,441,Male
884,10768,Nicolas,Strut,Daily,558-309-3444,food,1,826,Male
885,11538,Currie,Rediers,Monthly,425-418-2609,equipment,0,289,Female
886,13949,Johnna,Lukasik,Weekly,387-211-8468,food,0,677,Male
887,15291,Olivie,Jeandin,Yearly,857-980-7015,food,0,994,Male
888,5260,Jemmie,Hilland,Weekly,964-192-9278,food,1,376,Female
889,16930,Antone,Snelgar,Once,213-894-1306,equipment,1,710,Female
890,15411,Morgana,Calderon,Seldom,843-807-2462,food,1,685,Female
891,11934,Delmor,Zorzi,Once,506-242-0630,equipment,0,888,Female
892,7705,Berny,Aylesbury,Often,615-258-6305,equipment,1,290,Female
893,16350,Kirbie,Balasin,Daily,664-513-3211,food,0,98,Female
894,7638,Isidora,Apperley,Weekly,219-864-0866,equipment,0,736,Male
895,8525,Gloria,McGrotty,Weekly,283-214-4147,equipment,0,558,Female
896,7688,Felecia,Aldin,Often,817-150-7343,equipment,1,184,Male
897,10339,Sarine,Scapens,Never,626-947-1991,food,0,659,Male
898,16956,Mahmoud,Tuffrey,Daily,316-487-8452,equipment,1,906,Male
899,15930,Kira,Vivash,Yearly,845-384-3717,equipment,0,855,Female
900,8063,Julissa,McElvine,Never,647-321-8803,food,1,919,Male
901,10291,Devora,Galgey,Weekly,944-576-3174,food,1,781,Male
902,9053,Irvine,Vannoort,Yearly,499-567-0752,equipment,0,354,Female
903,7214,Dore,MacVanamy,Yearly,967-751-2058,equipment,1,825,Female
904,8479,Bonny,Shaudfurth,Weekly,510-260-1558,food,0,767,Male
905,9983,Holly-anne,Evesque,Seldom,402-314-1113,food,1,566,Male
906,15467,Juditha,Eastman,Monthly,407-817-5167,food,0,105,Male
907,14611,Augustus,Gable,Seldom,214-797-6015,food,0,951,Female
908,9696,Corinna,Pothbury,Never,611-348-7130,equipment,1,687,Male
909,8128,Bobbie,Mander,Daily,540-569-1382,equipment,0,474,Male
910,9135,Zabrina,Verrier,Yearly,580-423-9253,equipment,1,2,Male
911,14308,Beverley,Sparke,Seldom,583-753-7819,food,0,753,Female
912,5729,Kinna,Bruntjen,Once,762-213-9600,food,0,530,Female
913,13961,Melitta,Beretta,Yearly,661-918-3060,equipment,1,519,Female
914,15431,Gregorio,Furmenger,Yearly,889-385-4153,food,0,996,Male
915,15167,Cecil,Ganniclifft,Seldom,899-429-5509,equipment,0,740,Female
916,9000,Ellene,McPake,Never,206-316-4438,equipment,1,998,Male
917,10831,Rena,Bembrigg,Never,403-224-2543,food,1,273,Female
918,5011,Llewellyn,Chesswas,Once,578-785-0844,food,1,276,Female
919,19039,Violetta,Boutton,Yearly,293-143-0958,equipment,0,249,Male
920,14081,Lindsey,Storms,Weekly,808-317-3295,equipment,0,505,Male
921,15121,Kaleb,Conn,Seldom,255-292-6111,food,0,481,Male
922,14237,Guntar,Camus,Never,923-625-8808,food,0,954,Female
923,13338,Holmes,Birdwhistell,Daily,644-876-7012,equipment,1,695,Male
924,16690,Harman,Dibden,Monthly,471-135-2237,equipment,0,25,Female
925,9185,Darwin,Quantick,Once,685-528-4994,food,0,745,Female
926,12677,Olivette,Dressell,Often,489-692-0744,food,1,619,Female
927,10631,Correy,Sainthill,Seldom,186-123-5705,equipment,1,471,Male
928,7064,Lenci,Yanyushkin,Never,236-475-7518,equipment,0,417,Female
929,12331,Meredithe,Odd,Seldom,918-446-0548,food,1,317,Male
930,10185,Carrie,Klimko,Yearly,329-365-5303,equipment,1,950,Male
931,12820,Chet,Youle,Monthly,824-761-9222,equipment,0,770,Female
932,5888,Karalee,McKeighen,Seldom,261-205-8364,equipment,0,979,Female
933,6475,Tiffani,Lloyd-Williams,Once,623-128-0386,equipment,1,768,Male
934,14042,Wendi,Wheeldon,Monthly,926-997-5804,equipment,0,487,Male
935,14573,Nadiya,Kelsell,Yearly,912-174-3775,equipment,0,963,Female
936,18774,Winny,Yeiles,Monthly,336-115-6661,food,1,75,Male
937,8183,Hayley,Ashforth,Seldom,168-286-3857,food,0,602,Male
938,16799,Hedy,Vineall,Daily,975-568-6993,food,1,911,Female
939,12942,Bradly,Gyves,Seldom,691-137-1855,equipment,1,579,Male
940,16461,Viv,Tewkesbury.,Yearly,894-443-8542,equipment,0,18,Female
941,5983,Hubey,Tewes,Often,305-899-6818,equipment,0,356,Male
942,6929,Melba,Rotherham,Seldom,260-760-9085,equipment,0,823,Male
943,10588,Leonerd,Pohls,Yearly,184-189-4583,food,1,381,Male
944,14486,Uriah,Mugridge,Weekly,924-332-7835,food,0,317,Male
945,14582,Blane,Abatelli,Often,234-783-8471,food,0,840,Male
946,11858,Traci,Yve,Never,344-180-3330,equipment,0,421,Male
947,17896,Carrol,Mattheeuw,Weekly,741-359-3434,equipment,0,89,Male
948,15028,Alwyn,Sofe,Yearly,701-611-3698,equipment,1,510,Male
949,10765,Elyn,Andraud,Seldom,457-921-2421,food,1,84,Female
950,6873,Carrie,McVitty,Once,801-970-5503,food,0,974,Male
951,13034,Paxton,Layfield,Often,186-946-7285,food,0,436,Male
952,16411,Nicky,Ginley,Monthly,879-713-3930,equipment,0,344,Female
953,7206,Wilburt,Downes,Often,787-819-4961,equipment,0,24,Male
954,17763,Aloise,Donoher,Yearly,731-886-0496,equipment,1,4,Female
955,7066,Courtnay,Wormleighton,Daily,838-727-5335,equipment,0,522,Male
956,8647,Allyson,Preddy,Yearly,517-507-4724,equipment,1,146,Male
957,11199,York,Carillo,Often,956-177-1184,food,1,108,Male
958,7402,Chevalier,Spurgeon,Daily,333-273-1368,equipment,0,899,Female
959,16960,Phebe,O'Dunneen,Yearly,777-179-7242,food,1,591,Female
960,9416,Korrie,Billie,Never,168-490-6461,equipment,0,415,Male
961,8532,Finley,Petrelluzzi,Often,499-375-3407,equipment,1,517,Male
962,9359,Bendite,Seamer,Weekly,208-424-9695,equipment,1,121,Male
963,13958,Irwin,Bartzen,Yearly,673-524-4887,equipment,1,593,Female
964,7276,Hanny,Falco,Daily,795-971-7944,equipment,0,218,Male
965,19351,Jaquenetta,Waghorn,Weekly,619-963-3017,equipment,1,799,Female
966,17506,Corinna,Chrystal,Often,780-692-0808,food,0,342,Female
967,13555,Arly,Valentine,Often,172-615-5124,equipment,0,62,Female
968,18785,Sax,Myatt,Never,330-256-3874,equipment,1,444,Female
969,8261,Dalt,Divall,Weekly,712-439-5261,equipment,1,786,Female
970,13812,Agathe,Petrulis,Often,335-114-0212,equipment,1,179,Female
971,10132,Quent,Saiger,Monthly,483-826-2939,food,1,719,Male
972,11680,Hollie,Scanterbury,Seldom,344-151-2164,food,1,975,Female
973,18902,Kermy,Nelane,Never,655-749-2448,food,1,83,Female
974,19784,Lorry,Sparks,Daily,132-527-3285,equipment,0,442,Male
975,15902,Sheryl,Bonhill,Monthly,286-614-7031,equipment,0,992,Female
976,5546,Jenn,Spittal,Seldom,323-346-1850,food,0,568,Female
977,12109,Becca,Brabbs,Daily,404-796-4940,food,0,329,Female
978,18903,Jamima,Capon,Yearly,758-580-3628,equipment,0,848,Female
979,6483,Jerrome,Oakden,Monthly,215-657-3951,equipment,1,309,Female
980,7966,Babbette,Sheringham,Daily,119-987-9936,equipment,1,516,Female
981,19004,Hyacinthie,Crickmer,Once,551-540-5849,food,1,618,Female
982,10512,Romeo,Tripcony,Never,630-412-6000,food,1,66,Female
983,9103,Mikey,Leyshon,Seldom,770-372-8780,equipment,0,181,Male
984,6910,Gerhardine,Challes,Weekly,606-635-0624,equipment,1,1,Male
985,18110,Catherin,Mapham,Yearly,986-612-4538,food,1,433,Male
986,14386,Frans,Easterfield,Seldom,518-593-9850,food,1,707,Male
987,6896,Lela,Abrahmer,Never,727-542-9436,food,1,616,Male
988,18708,Octavius,Smoote,Daily,535-503-2852,food,0,452,Male
989,14238,Casie,Ordish,Often,511-849-3996,equipment,0,757,Female
990,17949,Cletus,Hallet,Never,971-603-3578,food,1,386,Female
991,18929,Rahel,Verheijden,Often,127-582-8965,food,1,537,Male
992,16794,Nissie,Neles,Seldom,310-249-7793,food,0,11,Male
993,8391,Daron,McKeon,Often,592-760-3385,food,0,236,Male
994,18611,Rodrique,Romei,Often,396-785-9806,food,0,16,Male
995,8447,Essa,Lukash,Often,472-633-8901,equipment,0,103,Male
996,17270,Maggie,Graveson,Weekly,215-606-6022,equipment,0,977,Male
997,13181,Cesare,Pynn,Weekly,213-936-2842,equipment,0,127,Male
998,7379,Amanda,Livesay,Daily,155-629-5512,equipment,0,834,Male
999,17051,Berti,Rose,Monthly,830-898-7376,food,0,30,Female
1000,16640,Yank,Mixer,Often,463-765-0460,equipment,1,90,Male
